id,likes,retweets,replies
1592487271848378370,0,0,0
1592487051479359489,0,0,0
1592487050250420224,0,0,0
1592486745849106438,0,0,0
1592486306864848897,0,0,1
1592485879800627200,0,0,0
1592485255201828865,0,0,0
1592483016378839041,1,0,0
1592481803029598209,1,0,0
1592480829904932864,1,1,0
1592480507475857408,0,0,0
1592476361855492101,1,0,0
1592474602785378304,0,0,0
1592471972646354945,0,0,0
1592471640268488706,0,0,0
1592470330341310468,0,0,0
1592469693495136257,0,0,1
1592469273964081154,0,0,0
1592469159828414464,0,0,0
1592464319098531840,0,0,1
1592463384444043267,0,0,0
1592459488287760386,0,0,0
1592458743975145478,11,3,1
1592456979200741377,1,0,1
1592453977530314752,11,4,0
1592453472971984896,14,6,0
1592452892862320645,0,0,0
1592451047351517184,0,0,0
1592449806127058944,0,0,0
1592449121922977794,1,1,0
1592447979092598785,0,0,0
1592446424159227904,0,0,0
1592446294609444864,0,0,0
1592441161490251777,0,0,0
1592440548534603776,0,0,0
1592440511062839298,0,0,0
1592440097227640833,0,0,0
1592439612827238401,0,0,0
1592437395475304448,0,0,0
1592435741375832064,0,0,0
1592435093330616321,0,0,0
1592433273359114240,1,1,0
1592430434658684930,0,0,0
1592429462607761410,2,0,1
1592428918300356609,0,1,0
1592428631342698496,1,0,0
1592427952993714176,0,0,0
1592427889852485632,2,1,0
1592427688853385216,0,0,0
1592427279849758720,0,0,0
1592427216029290497,0,1,0
1592420300310056961,0,0,0
1592420136623157250,0,0,0
1592419342876299265,0,0,0
1592418346892689408,0,0,0
1592415871791669248,0,2,0
1592413548843499520,0,0,0
1592413224473104384,14,2,1
1592413094038634496,2,1,1
1592412310618144769,1,0,0
1592412280163115014,0,0,0
1592411757402001409,2,1,0
1592411630343626752,0,0,0
1592410762026586112,1,0,0
1592410163440340992,1,0,0
1592408835754721280,0,0,0
1592407936869236736,1,1,0
1592406066431610880,0,0,0
1592405591808299010,0,0,0
1592404893146681346,0,0,0
1592400544634908672,0,0,0
1592399624249421825,0,0,0
1592399110099054593,0,0,0
1592395408705482752,4,0,1
1592395017376927745,1,0,0
1592394866813706241,0,0,0
1592392023449153536,1,0,1
1592391664911671297,1,0,1
1592391543330992128,0,0,0
1592391116007297024,1,0,1
1592390768416940033,3,0,1
1592373302529445889,0,0,0
1592368823264772096,2,0,0
1592354185516810243,0,0,0
1592318013763883008,1,1,0
1592317953147473920,0,0,0
1592298092921237504,1,0,0
1592290151086297088,0,0,0
1592279003909464069,0,0,0
1592277355967528960,0,0,0
1592276420331700225,1,0,1
1592275921561874432,4,3,0
1592273216659243008,0,0,0
1592271939518726145,0,0,0
1592270587409633280,0,0,0
1592268944236105729,0,0,0
1592268112199667716,0,0,0
1592265409033633795,1,0,1
1592262452191772672,0,0,0
1592256144470577152,2,0,0
1592254947860553728,0,0,0
1592254048471859201,0,0,0
1592249800694562817,1,0,1
1592247149148143616,1,1,0
1592246669290213377,0,0,0
1592245804324261889,10,1,1
1592242297386795015,12,1,4
1592236662280568840,1,1,0
1592234853046824961,1,0,0
1592233405647028224,0,0,0
1592228994883391488,0,0,0
1592228106160734208,0,0,0
1592224426355220481,11,3,0
1592224119927767045,2,0,2
1592220862559956993,3,0,0
1592216527050244097,1,0,0
1592215630920716288,0,0,0
1592215050370297856,1,1,1
1592214402346123264,0,0,0
1592212139787583488,0,0,0
1592205763388506112,35,4,1
1592202409828356096,0,0,0
1592201575023484936,4,0,0
1592200496114151424,0,0,0
1592200326282723328,0,0,0
1592199450012925953,0,0,0
1592198086310637568,0,0,0
1592196769307594753,10,1,0
1592194717110132736,0,0,0
1592193180375695360,2,0,0
1592191970390249475,0,0,0
1592190704880865280,1,0,1
1592190369235668992,16,5,1
1592189852350840839,3,0,0
1592189589598646273,0,0,0
1592189392718008322,2,0,1
1592188772740759552,0,0,0
1592188739727798272,2,0,0
1592186998449930242,1,0,1
1592186884268216325,0,0,0
1592185068319309824,1,2,0
1592182391409463296,4,1,0
1592176733243191296,3,0,0
1592175189986627586,0,0,0
1592173319687909377,4,0,0
1592171757594517504,0,0,0
1592168205673713665,4,1,0
1592165883744759808,0,0,0
1592164191091458050,1,0,0
1592164049323978752,17,4,2
1592161976834486275,0,0,0
1592161040443510785,1,0,1
1592159175001272321,0,0,0
1592158491124592643,0,0,0
1592157740012486657,0,0,0
1592156669618065409,0,0,0
1592154750589468672,4,0,0
1592152972703981568,0,1,0
1592149617436954627,0,0,0
1592149221083324418,0,0,0
1592148666424463361,0,0,0
1592147773025124353,0,0,0
1592146120234385410,0,0,0
1592142129681567745,1,0,0
1592141888697557000,0,0,1
1592140466006679555,4,1,0
1592140317750280194,0,0,0
1592139412661768193,2,0,0
1592139080867147779,2,0,0
1592138286726012928,3,0,1
1592136725719310338,0,0,0
1592136421959036928,0,0,0
1592136411691773952,0,1,1
1592135828175740929,0,0,0
1592135429943197696,0,0,0
1592134007315173377,1,0,0
1592132101650141186,4,1,1
1592129676738285568,1,0,0
1592129103062179841,11,2,0
1592127566072418304,32,2,4
1592125216175497216,1,0,0
1592123495848501252,3,0,1
1592123016577978370,0,0,0
1592122664457584640,9,0,1
1592120068464328704,2,0,1
1592118485429227522,2,0,0
1592116176913825792,1,0,0
1592112576594608129,2,1,0
1592110380112814080,0,0,0
1592110112105193472,2,0,0
1592109670705303557,0,0,0
1592108960265687040,1,0,0
1592107200583208961,0,0,0
1592107036141293568,6,0,0
1592101355203723266,0,0,0
1592101297854959616,0,0,0
1592101296516972544,0,0,0
1592101175671021569,31,4,1
1592101145610174464,0,0,0
1592100926479011840,0,0,0
1592100901069926403,0,0,0
1592098539509010433,0,0,0
1592098087819960321,17,7,0
1592096612242931715,4,1,0
1592096508098510849,5,1,1
1592095393306869760,0,0,0
1592092200506380289,3,0,0
1592089170356600832,34,0,0
1592087388356251648,1,0,0
1592086577223815168,1,0,0
1592085113931796480,2,0,0
1592082559856693248,5,0,2
1592082527078207488,1,0,0
1592081851094818816,1,0,0
1592080312166744066,0,0,0
1592080085242286080,0,0,0
1592079580000825345,1,0,0
1592078525263187968,0,0,0
1592077810533019648,57,0,4
1592077398765637633,10,3,1
1592077365060009984,1,0,0
1592065525697642497,0,0,0
1592064953510658048,10,1,0
1592064373828202496,0,0,0
1592062748938194944,3,1,0
1592062378774233089,1,0,2
1592059740808704002,2,0,0
1592057944396697602,0,0,0
1592054712387670017,22,1,2
1592051953152200704,1,1,0
1592049146013573123,0,0,0
1592048310872743936,0,0,0
1592046988962529280,1,0,0
1592044148646940672,6,0,1
1592039811149615104,1,1,0
1592039369501990912,1,0,1
1592037730997137408,0,0,0
1592036509053767680,1,0,0
1592031993642233856,14,1,0
1592030421105184774,0,0,0
1592025258151772160,0,0,0
1592024503709843461,1,1,0
1592024285522034690,1,0,0
1592022152114479104,0,0,0
1592006674000543745,0,0,0
1591978647074009089,0,0,0
1591975845459009536,0,0,0
1591954165059973121,0,0,0
1591951241470410752,3,0,0
1591935758603997184,0,0,0
1591932379404410882,0,0,0
1591927463868866560,296,10,2
1591927271988031488,8,0,1
1591920165830156288,0,0,0
1591910294494019584,0,0,0
1591908856086536194,0,0,0
1591907212909223936,0,0,0
1591900337446834176,0,0,0
1591897709300023296,0,0,1
1591897184106328065,0,0,0
1591896658706563073,2,0,0
1591896279352856576,1,0,0
1591896027354759181,1,0,0
1591894926769664000,0,0,0
1591893934632226817,7,2,1
1591893438336847873,2,0,0
1591891399615467520,1,0,0
1591880174408454145,0,0,0
1591879351708291072,0,0,0
1591876179522646016,0,0,0
1591875270436618243,0,0,0
1591873384891453441,0,0,0
1591873338242387969,1,0,0
1591872818651992064,27,1,1
1591869505256714240,0,0,0
1591867306992226306,0,0,0
1591867292409024512,23,0,1
1591867271890321409,3,0,1
1591865431576481792,1,0,1
1591865231466459136,8,3,0
1591852810693386240,0,0,0
1591851786306224128,0,0,0
1591850972879663106,0,0,0
1591847607244292096,0,0,0
1591846139594248194,0,0,0
1591842386258247680,0,0,0
1591841884569313282,0,0,0
1591841812553273344,0,0,0
1591840138728013824,1,0,0
1591839828819447808,7,2,1
1591839325284597760,0,0,0
1591839281945145345,3,0,1
1591838390793736195,0,0,0
1591837914249453574,0,0,0
1591837467325435905,0,0,0
1591836784853340160,0,0,0
1591835890862755846,0,0,0
1591835439329333250,0,0,0
1591835290011934727,0,0,0
1591834529647722496,0,0,0
1591834209672380416,1,0,0
1591832326392385537,22,2,0
1591830302757949441,0,0,0
1591830059698032644,0,0,0
1591827639781695492,0,0,0
1591826713126006784,0,0,0
1591824973043490816,0,0,0
1591823204271767555,3,0,0
1591822772912918528,0,0,0
1591821538902278145,1,0,2
1591821428806258688,0,0,0
1591819675658248192,0,0,0
1591819287437901824,2,1,0
1591819235399204864,1,0,0
1591818430058856450,0,0,0
1591816801171943424,8,1,0
1591815155788251136,0,0,0
1591813642613407746,1,0,0
1591813167964823552,0,0,0
1591813019449032705,2,0,1
1591812144060076032,1,0,0
1591810096723640320,0,0,0
1591808104181559296,4,0,0
1591807797062209543,0,0,0
1591807740053426176,0,0,0
1591804046784200705,0,0,0
1591793016880218113,0,0,0
1591790249650393090,0,0,0
1591789354548084736,0,0,0
1591787675211558913,0,0,0
1591787059483934722,4,0,2
1591786564857765891,0,0,0
1591786440551276544,0,0,0
1591785555431346179,0,0,0
1591785168595226626,2,0,0
1591784920564867074,63,9,1
1591781601423241217,0,0,0
1591781580191985665,3,0,1
1591781509706530817,0,0,0
1591780500301123594,0,0,0
1591779609166905344,0,0,0
1591779222288470016,0,0,0
1591776705383116803,3,0,2
1591776529717010441,0,0,0
1591775584581029888,0,0,0
1591775350014771200,1,0,1
1591768636871835649,0,1,1
1591767129027756032,1,0,0
1591763871290871809,0,0,1
1591762000391983104,0,0,0
1591761509746896898,3,0,0
1591761508505358338,0,0,0
1591752496376315904,1,0,1
1591749724129869824,0,0,0
1591747564512378880,0,0,0
1591747400125026306,0,0,0
1591747398078005254,0,0,0
1591741190327922691,2,0,0
1591738313219923968,3,0,0
1591735492693086208,132,44,31
1591734471014817792,0,0,0
1591734155972313089,0,0,0
1591732241654198273,0,0,0
1591730871312130051,43,1,1
1591728149813166080,0,0,0
1591727439058993152,0,0,0
1591726512000172033,0,0,0
1591724859922550792,0,0,0
1591723706467774464,0,0,0
1591723639371886595,71,12,24
1591723056464277505,1,0,1
1591720001261682689,1,1,0
1591718110461321226,0,0,0
1591715976009363456,8,0,0
1591715819616026624,0,0,0
1591715501377470464,5,0,0
1591715481546887168,24,7,2
1591714122286112770,0,0,0
1591710703991357441,0,0,0
1591704757999124481,0,0,0
1591703390802911232,3,2,0
1591697313449316352,1,1,0
1591696388554833920,0,0,0
1591696310197186561,27,0,0
1591692213096157184,0,0,0
1591684587205586944,1,1,0
1591683843307999233,6,0,1
1591678521105055744,0,0,1
1591666247787499520,1,0,0
1591661802945155072,0,0,0
1591661112642400256,16,2,0
1591646724107292673,0,0,0
1591636973105577984,0,0,0
1591632481433927682,43,2,3
1591632211907780608,0,0,0
1591601358867550210,0,0,0
1591585056753324032,0,0,0
1591582866852429824,1,0,0
1591554699379249152,0,0,0
1591553440068816896,0,0,0
1591551631879208961,10,2,0
1591550731911593984,2,0,1
1591547456730398721,0,0,1
1591544375456124929,0,0,0
1591544304908095492,0,0,0
1591543696863830016,0,0,0
1591532455718264834,0,0,0
1591529140750274560,25,5,1
1591525216169394177,1,0,0
1591524074429485056,2,0,1
1591524002819985409,20,9,0
1591521297892511744,2,0,0
1591520958539763712,1,0,0
1591519656225169408,2,0,0
1591519505657876482,0,0,0
1591519358651711490,0,0,0
1591517728828837888,0,0,0
1591515348595249152,6,1,0
1591514184122236928,3,0,0
1591513493144240129,2,0,1
1591512580350435329,0,0,0
1591512146479046656,0,0,0
1591507788739510277,3,0,0
1591507517921972224,32,2,2
1591507496937885697,36,2,2
1591505284295716864,3,0,0
1591503961873600514,0,0,0
1591500832599572480,3,0,0
1591500331758014464,11,0,2
1591499268460007424,18,3,0
1591495289453432832,3,3,0
1591493756175675393,0,0,0
1591493209016107009,3,0,0
1591491176942964736,43,5,3
1591491015424229376,1,0,0
1591490380092305408,4,0,1
1591485596689891328,2,1,0
1591485483401347072,0,0,0
1591485347812192256,0,0,0
1591483517443387395,3,0,0
1591482986159312897,2,0,0
1591481785988583424,0,0,0
1591479166326951936,1,0,0
1591478359976218624,15,1,0
1591477018469683204,0,0,0
1591475475364184064,0,0,0
1591474076207521792,0,0,0
1591472243909033985,76,2,0
1591472013750812672,0,0,0
1591470002074714113,2,0,0
1591467176464375810,0,0,0
1591463328961921036,1,0,0
1591462411303006213,43,7,0
1591462324837421056,290,40,64
1591462162148442113,0,0,0
1591462047686230016,2,0,0
1591461574526509057,0,0,1
1591461570441539584,1,0,1
1591461327096410112,0,0,1
1591461320771383299,12,4,1
1591460340851785728,4,0,2
1591459377839579136,47,0,0
1591458927501352966,4,0,0
1591457502612578305,14,1,1
1591456700170895360,1,0,0
1591455984177872897,3,0,0
1591455782041964544,1,0,0
1591455686529286144,22,4,2
1591455098680627201,0,0,0
1591452758426910729,16,2,0
1591451760257908737,10,5,1
1591451725382451201,15,3,0
1591450732678742016,0,0,0
1591450277198323712,0,0,0
1591450007462301696,0,0,0
1591449906132451329,26,1,3
1591449850608078851,0,0,0
1591447329571328001,0,0,0
1591447251938729985,0,0,0
1591446993846824960,3,0,1
1591446111335550977,0,0,0
1591445919160999938,5,0,0
1591445205806452736,50,14,1
1591444516716040192,31,7,0
1591444440799154176,14,0,0
1591444394585923584,0,0,0
1591443657533554688,0,0,0
1591442422089011206,6,1,0
1591441825339940864,0,0,0
1591440770921222144,0,0,0
1591439933881077760,1,0,1
1591439555152195584,48,5,2
1591439432149762048,4,3,0
1591430410885636098,0,0,0
1591430218996420610,0,0,0
1591430071230898177,13,4,0
1591428114005073920,4,0,0
1591423448328572935,1,0,1
1591421548069634049,0,0,0
1591420634063859717,2,0,0
1591419964920975360,0,0,0
1591419799195725824,0,0,0
1591419691847012352,4,2,0
1591418233726578688,2,0,1
1591418171793309697,0,0,0
1591416375926394881,11,2,0
1591415795778658305,0,0,0
1591415157179092992,0,0,0
1591414888660074496,1,0,0
1591414179004841984,1,0,0
1591408938104557572,2,0,0
1591407983699046401,8,2,0
1591407882008145921,3,0,0
1591406230018441217,0,0,0
1591406136561139717,0,0,1
1591405538184933376,1,0,1
1591404745750876160,57,0,0
1591404657796161537,2,0,2
1591404178739544066,0,0,0
1591402998085058560,1,0,0
1591402027078279168,0,0,0
1591400547625873409,2,2,0
1591400234042757120,23,0,2
1591399687990710272,0,0,0
1591398097158275072,9,0,1
1591397054122971137,13,3,1
1591396783795896320,2,0,0
1591396537166618624,15,0,1
1591395980330799104,4,0,1
1591395673357754368,0,0,0
1591394935420456960,1,0,0
1591394686740070401,0,0,0
1591389988775665666,0,0,0
1591389971788992512,0,0,1
1591389090368430080,0,0,0
1591388871681605633,0,0,0
1591388123174690817,3,0,0
1591385484017643520,0,0,0
1591383715791663104,31,5,0
1591381332352827393,3,1,0
1591379217299931136,1,0,1
1591377345805516807,2,2,0
1591376375952572416,2,0,1
1591376243835944961,0,0,0
1591376241877286914,0,0,2
1591376207463206912,1,0,0
1591372300154441728,0,0,0
1591371088982069250,7,2,0
1591369070452301825,9,0,0
1591368959147638784,24,7,0
1591368923890737153,46,12,1
1591368520339959814,5,0,0
1591367606019457027,103,20,6
1591366679916728323,0,0,0
1591365625418776576,99,21,0
1591363021733085184,70,18,1
1591362375181115394,0,0,0
1591361605127868419,0,0,0
1591360993266892800,0,0,0
1591359136343752704,8,0,0
1591356325510139906,0,0,0
1591354760011345920,1,0,0
1591353268625711104,25,2,0
1591352945156694018,1,0,0
1591351298120638464,0,0,0
1591350460652437506,0,0,0
1591348613548019719,1,0,0
1591347437536514048,1,1,0
1591345195299540992,0,0,0
1591345088864874497,0,0,0
1591344052376686592,0,0,0
1591343787174944768,2,0,0
1591342349111947265,0,2,0
1591342108216266752,1,0,0
1591341922278289408,1,0,0
1591339510431891456,0,0,0
1591335358221979653,1,1,0
1591332534004195328,0,0,0
1591331711857545216,0,0,0
1591329959901278208,0,0,0
1591322139961221122,0,0,0
1591317421755072512,0,0,0
1591312020934213632,0,0,0
1591299640548204544,0,0,0
1591293028781662209,0,0,0
1591292704566218752,0,0,0
1591279287319289856,0,0,0
1591277865668325376,0,0,0
1591275281079156736,0,0,0
1591272514810175488,0,0,0
1591260512465158144,0,0,0
1591242106076827648,1,0,1
1591241051561693185,0,0,0
1591237643345358848,0,0,0
1591237639583125504,0,0,0
1591235644440735744,0,0,0
1591235643845509121,0,0,0
1591226103808811010,0,0,0
1591222897263382533,0,0,0
1591202688825724929,3,1,1
1591195568432246784,0,0,0
1591187058139475968,14,3,0
1591179840534843392,0,0,0
1591178330262446104,0,0,0
1591173576996126746,0,0,0
1591173574626115586,0,0,0
1591170786945269760,0,0,0
1591167565044527105,1,0,0
1591166513117294593,0,0,0
1591159840688193537,4,2,3
1591159635691667470,33,0,0
1591159178093293570,42,5,1
1591158523903164416,2,1,0
1591154928885858304,3,0,1
1591154512672489472,0,0,0
1591142927421804544,0,0,0
1591138946993594370,0,0,0
1591136918112440320,0,0,0
1591136884683550720,0,0,0
1591128378190737410,0,0,0
1591126141078732816,0,0,0
1591123938750365724,0,0,0
1591121755371732992,3,0,0
1591121680830808064,2,0,1
1591120096910508033,0,0,0
1591118640249982976,5,0,0
1591115892850831361,1,0,0
1591114583791599617,0,0,0
1591113366004584448,0,0,0
1591113015427887104,0,0,0
1591112043066953728,0,0,0
1591111297881542657,2,0,0
1591110078228226048,0,0,0
1591108158516527104,0,0,0
1591106414462005248,0,0,1
1591105227192762368,0,0,0
1591104187349094402,0,1,0
1591103184814374912,2,1,0
1591102702917980161,4,1,2
1591101854850613250,0,0,0
1591098599529934853,0,0,0
1591098340644904962,20,2,3
1591097832345579520,1,1,0
1591095903234002945,0,0,0
1591095455735492608,0,0,0
1591091323532382208,0,0,1
1591089833320980481,1,0,0
1591085984279842817,0,0,1
1591085776003293185,0,0,1
1591083576262815746,1,0,1
1591077997876248576,7,0,1
1591077440666812417,0,0,0
1591072945396682752,0,0,0
1591071204492050432,0,0,0
1591070569386184704,0,0,0
1591066049746817027,0,0,1
1591065008968204288,2,0,0
1591064745565880320,1,0,2
1591063060306878466,0,0,0
1591062614548717573,6,0,0
1591056510414737409,0,0,0
1591055697223254022,0,0,0
1591054892407623682,3,0,0
1591052618511810563,1,1,0
1591052363283845120,6,0,1
1591048859815641088,2,0,0
1591044923666702340,0,0,1
1591038323451387904,1,0,0
1591037806649872384,1,0,1
1591036890136072192,0,0,1
1591036368783900672,0,0,0
1591036000465215490,0,0,0
1591035162850197504,0,0,0
1591030208131641344,0,1,0
1591029747810594816,1,0,0
1591029353403777024,0,0,0
1591023027348807682,3,1,0
1591020814266421248,2,0,1
1591020563979534336,0,0,0
1591019228685017088,0,0,0
1591019014364745734,0,0,1
1591015632824201218,0,0,0
1591011807531077632,0,0,0
1591006786525761537,1,1,0
1591006153378496513,0,0,0
1591005293315559424,0,0,0
1591004993003585536,1,0,1
1591004560302125056,0,0,0
1591004158974623745,1,0,0
1591003717465440257,0,0,0
1591003567732985856,0,0,0
1590999046067744768,3,1,1
1590998474832678913,0,0,0
1590998440124743681,0,0,0
1590996887901188097,0,0,0
1590996583143071744,1,0,0
1590993250747174912,0,0,0
1590991215067279361,0,0,0
1590990976373227520,0,0,0
1590990247495888896,1,0,1
1590989397687947264,1,0,0
1590987441623924736,6,5,1
1590983472818302982,1,2,0
1590977266888019969,0,0,0
1590977264971227136,0,0,0
1590967854253633539,1,1,0
1590963368671973376,4,0,1
1590959748891168769,0,0,0
1590948822347309059,0,0,0
1590948472680845312,0,0,0
1590946748121640960,39,0,9
1590946512171069440,2,0,0
1590945654050009088,0,0,0
1590945651923484673,0,0,0
1590944776605814785,18,0,2
1590941814449754113,0,0,0
1590938883436711937,18,1,0
1590936491886530562,2,1,0
1590903034976112646,0,0,0
1590899884349353986,0,0,0
1590878921704505344,0,0,0
1590878734005178368,3,1,1
1590860269466849281,1,0,0
1590854558523469824,0,0,0
1590847616736145408,0,0,0
1590844893613916167,1,0,1
1590833213722632193,4,1,0
1590828173331005440,1,0,0
1590827860302114819,3,0,1
1590827858502770688,3,1,0
1590820383812251649,0,0,0
1590819155112230915,0,0,0
1590818820993986562,0,0,0
1590817314852974592,0,0,0
1590815679350857728,0,0,0
1590813550351482880,0,0,0
1590813438800179201,0,0,0
1590809442156974080,0,0,0
1590808645926789122,1,0,0
1590804012085170176,0,0,0
1590803528347701248,0,0,0
1590803223392432128,1,1,0
1590800319033778198,0,0,0
1590796299330326571,0,0,0
1590794361767604224,4,0,0
1590790491351953409,1,0,0
1590783951488319489,0,0,0
1590782124843761664,37,2,3
1590780733471457281,0,0,1
1590780726823518208,1,2,1
1590775161099542529,4,0,1
1590775047622660097,6,0,1
1590773813398196225,0,0,0
1590772606671949824,0,0,0
1590769323529965580,0,0,0
1590768128409366528,1,0,0
1590768012386512897,0,0,0
1590767576870592517,5,0,0
1590765006475255810,0,0,1
1590763555418087426,3,0,0
1590757947855949824,14,1,0
1590754484803801088,0,0,0
1590750892630093827,0,1,0
1590750732042620929,0,0,0
1590749174646964227,0,0,0
1590745497220050945,8,0,2
1590742506161033216,14,2,0
1590741341411348485,1,0,0
1590739892329648128,14,3,3
1590737422869995520,0,0,0
1590735722406850560,0,0,0
1590735719340953601,0,0,0
1590733314239107072,0,0,0
1590731525737238529,0,0,0
1590729078403137537,0,0,1
1590726206122766337,2,3,1
1590726041835692032,1,0,1
1590724836510556161,1,0,0
1590724764783751168,0,0,0
1590724047876153344,2,1,0
1590723967781838848,3,1,0
1590723781974269952,0,0,0
1590723489740517376,2,0,0
1590722453302816770,0,0,0
1590722333563850756,0,0,0
1590722040944001024,0,0,0
1590721028812165123,2,1,0
1590718653862801411,115,12,5
1590717093032628224,3,0,1
1590712194559520768,3,0,1
1590711387789348864,0,0,1
1590710578108063748,0,0,0
1590710368380207104,2,1,0
1590709218071367680,1,1,0
1590706540515770369,1,0,0
1590705395097800704,0,0,0
1590704053645778944,0,0,0
1590702303018901504,0,0,0
1590700851072421889,0,0,0
1590700423786250241,5,1,0
1590700202742128643,0,0,0
1590699531624013824,0,0,0
1590699182041739265,65,2,1
1590699180741328896,0,0,0
1590698688384585728,0,0,0
1590698138616184833,0,0,0
1590697052782174208,0,0,0
1590696942111461377,0,0,0
1590696391378178048,0,0,0
1590695721384099840,1,0,0
1590693147763675136,1,0,0
1590691940974362626,2,0,1
1590691680013127680,5,1,0
1590690802161700864,0,0,0
1590688580967759872,1,1,0
1590687170028871680,0,0,0
1590686268416876545,0,0,0
1590684023369891845,0,0,0
1590683986057216001,0,0,0
1590683979891482627,0,0,0
1590681458880155648,2,2,0
1590678438578655232,1,1,0
1590675910067630082,1,0,0
1590674664233136131,0,0,0
1590674600605626368,0,0,0
1590674407319474177,67,0,34
1590674121658089473,0,0,0
1590673881165361152,0,0,0
1590673567133442048,0,0,0
1590671002857779200,0,0,0
1590669530015367168,4,0,0
1590669406371184645,0,0,0
1590665284637298691,1,0,0
1590662218001002496,67,26,1
1590661560317652993,4,1,0
1590657679747579906,0,0,0
1590655824711426049,0,0,0
1590652855442370560,5,0,0
1590651955025940480,5,0,0
1590649325893427207,0,0,0
1590645688496721920,18,1,3
1590641640536158210,2,0,0
1590640151818301440,0,0,0
1590639892228210688,2,0,0
1590638447827423232,0,0,0
1590636950821941249,0,0,0
1590633557378371584,0,0,0
1590632365256110081,0,0,0
1590630992964124672,0,0,1
1590630953461784576,0,0,0
1590629902801215488,0,0,0
1590628525878349825,0,0,0
1590627943092322305,0,0,0
1590627810573717506,5,4,0
1590626049708425216,3,0,0
1590624560562700288,1,1,0
1590623076970295297,0,0,0
1590620108086386689,5,0,0
1590619196890632192,4,1,1
1590618533939281921,10,0,3
1590618447561785344,0,0,0
1590617592901021696,1,1,0
1590615397921083393,0,0,0
1590615348507684864,0,0,0
1590614103839879168,3,0,0
1590611420777152512,0,0,0
1590610326310961152,0,0,0
1590608664360255490,1,0,1
1590604759517777921,1,0,1
1590604490733805569,0,0,0
1590600146177269760,1,1,0
1590599166543085569,0,0,0
1590598164339658753,0,0,0
1590596771306426368,0,0,0
1590595197477720064,0,0,0
1590585268469665792,3,2,0
1590579166185148419,0,0,0
1590575525139189761,2,0,0
1590575172313960448,30,7,1
1590561133965889536,0,1,0
1590559465354690561,116,5,6
1590497715171262465,2,0,1
1590491580083105793,1,0,1
1590490938400706560,1,0,1
1590488639993442304,1,0,1
1590473273489625088,1,0,1
1590471172482912258,0,0,0
1590470715954065408,38,2,3
1590467373668392960,5,0,1
1590466312396234752,6,0,0
1590464914774102017,3,1,0
1590460287462903810,0,0,0
1590459233614663683,0,0,0
1590458728909885440,0,0,0
1590458536965730304,1,0,0
1590457436175060995,0,0,0
1590454552473776128,19,0,1
1590451809776447488,0,0,0
1590450644669825032,0,0,0
1590444664712499200,161,13,22
1590444029832876032,3,0,0
1590438278477803520,1,0,0
1590433479116075010,0,0,0
1590427199089168385,1,0,0
1590425840432852992,0,0,0
1590425392435068929,0,0,0
1590421384299417600,0,0,0
1590417136551432193,0,0,0
1590410708470013953,2,0,1
1590408143838007297,0,0,0
1590405743395901440,2,0,1
1590402813167042560,0,0,0
1590401061918998529,0,0,0
1590400097057005568,0,0,0
1590399975539855361,0,0,0
1590399721969176578,0,0,1
1590398197285163008,1,0,0
1590397053133266944,2,0,0
1590395724352851969,0,0,1
1590395177835036672,1,0,1
1590394128478900225,2,0,1
1590393153793687555,0,0,0
1590390507280404482,0,0,0
1590390220578762753,0,0,0
1590389553504096256,0,0,0
1590388771664674816,0,0,0
1590388755306893313,0,0,0
1590387620517130240,1,1,0
1590387444234551297,0,0,0
1590383852458979328,0,0,0
1590383434005782530,1,1,0
1590382117128908800,0,0,0
1590380131364716544,0,0,0
1590379922517811202,2,0,1
1590376265088802818,0,0,0
1590375923597004801,0,0,0
1590374710956945410,0,0,0
1590373339574415360,0,0,0
1590372105920851969,0,0,0
1590367406010302464,37,5,0
1590366921119395842,0,0,0
1590366841477660674,0,0,0
1590364784951640064,1,1,0
1590358679706292224,0,0,0
1590357160797650945,0,0,0
1590356348952510464,3,0,0
1590355485932523520,1,1,0
1590355223792390144,3,0,0
1590353833670344704,0,0,0
1590353162120343552,1,0,0
1590352117696712706,0,0,1
1590347037304061952,4,1,0
1590346244827783169,0,0,0
1590346108508966913,8,1,0
1590343493305573376,39,6,1
1590339486151770114,0,0,0
1590338134679486464,0,0,0
1590337699977863171,0,0,1
1590337656722198530,0,0,0
1590336695693897728,3,0,0
1590336512335368192,1,0,1
1590336066942251012,1,0,0
1590335644122816512,1,0,0
1590334440651235328,0,0,0
1590334103047790593,0,0,0
1590332953103826944,0,0,0
1590332621007253506,215,17,66
1590328862402936834,0,0,0
1590328411175944192,0,0,0
1590328372345081856,1,0,0
1590327332396732416,0,0,0
1590325229951537153,4,0,1
1590322109641019392,2,0,0
1590320359374397440,0,0,0
1590319562339270657,0,0,0
1590318730978164740,1,0,1
1590317115550142466,0,0,0
1590316606017900544,0,0,0
1590316317756002306,0,0,0
1590315663922319360,0,0,0
1590314844632543233,0,0,0
1590314841444474880,0,0,0
1590314296860606464,6,0,0
1590313631505420290,0,0,0
1590313416912408578,17,0,1
1590313292429262848,72,5,0
1590312579653517312,0,0,0
1590310868486868993,7,0,3
1590309217420083200,2,1,0
1590307780589932544,1,0,0
1590306642759143425,0,0,1
1590305580060618752,0,0,0
1590304783285751808,1,0,0
1590304508860829696,0,0,0
1590302458370494471,1,1,0
1590298824291094529,1,0,2
1590295667196690432,0,0,0
1590294380698820608,1,0,0
1590293369791488001,500,32,1
1590288669595774976,0,0,0
1590288235237818369,1,0,0
1590286861943046145,0,0,0
1590284502286598145,1,0,0
1590283987909758976,1,0,0
1590274519674998785,0,0,0
1590273376886886400,10,3,1
1590268033133486080,0,0,0
1590267133987999745,0,0,0
1590264759123087362,0,0,0
1590263850808782848,8,1,0
1590263316475432966,0,0,0
1590256809587404801,0,0,0
1590252841863716865,0,0,0
1590252799094583298,2,0,0
1590252708740538368,1,0,0
1590248600109723649,3,0,0
1590245657297969157,0,0,0
1590244350616752128,0,0,0
1590241653721534464,1,1,0
1590237899974668288,1,0,0
1590237760887062528,6,2,0
1590235939246575616,2,0,0
1590231454071590913,0,0,0
1590229728061198337,1,1,0
1590228847798104065,1,0,1
1590226367609974788,18,0,2
1590225337748951041,1,0,0
1590222769291075584,0,0,0
1590222262275301376,0,0,0
1590222259570225152,0,0,0
1590220571194843138,0,0,0
1590219383313666051,1,0,0
1590218867066155009,1,0,0
1590215161281142784,0,0,0
1590214612632625153,12,0,0
1590197230925131778,1,0,0
1590192935500275712,0,0,0
1590141744217481216,0,0,0
1590131300811571202,0,1,0
1590126590700068864,1,0,0
1590115717424504832,3,0,0
1590115318697201664,0,0,0
1590105692324900864,0,0,0
1590103985066688512,2,0,0
1590101719366914050,1,0,1
1590092092570849283,0,0,0
1590091240275468288,0,0,0
1590089205568647171,6,1,1
1590087962477219840,1,0,0
1590084644464054272,3,0,2
1590082472909279232,2,0,0
1590079909124542464,0,0,0
1590072175960403968,1,0,1
1590068733225365505,10,0,1
1590062072133341185,1,0,1
1590060554667773952,0,0,0
1590060221539717120,0,0,0
1590053796301791233,2,0,1
1590052542230077443,1,0,0
1590039128690905091,0,0,0
1590029180892323844,0,0,0
1590027696062582784,1,0,0
1590027583953203200,9,1,1
1590024543011471361,1,0,1
1590020249419595777,31,5,0
1590019432931549185,0,0,0
1590017908981260292,0,0,0
1590011308891869185,2,1,0
1590010952803844096,0,0,0
1590010950954151942,0,0,0
1590008851881144320,0,0,0
1590007922150416384,2,1,0
1590007373548376066,2,1,0
1590007162058682368,0,0,0
1590006595651784705,0,0,0
1590005802726629376,1,0,0
1590005799400898560,1,0,0
1590003848693059585,0,0,0
1590003834918932481,1,0,0
1590002239317282821,0,0,0
1590001655596355584,1,0,0
1590000105796800512,2,0,0
1589999056138665985,2,0,0
1589997273077145607,0,0,1
1589996231215890432,0,0,1
1589995830714716161,0,0,1
1589995388823797763,2,1,0
1589989287759843328,1,0,0
1589985619153154050,0,0,0
1589984857941475328,0,0,1
1589983054487236610,1,0,1
1589982859413970944,0,0,0
1589979347565232129,0,0,0
1589979059404013568,0,0,0
1589979042492841986,22,1,2
1589977750403657729,3,0,0
1589977595050795008,0,1,0
1589976655631908866,0,1,2
1589975143065047042,0,0,0
1589974531468578816,2,0,2
1589973852255571970,0,0,0
1589972854061531136,0,0,1
1589972551207620610,0,0,0
1589971505357541376,1,0,0
1589971125731483649,16,2,0
1589969304077770758,0,0,1
1589968615704776706,0,0,0
1589968172916301825,1,0,2
1589967485314514945,17,2,0
1589967034401816576,1,0,0
1589966200913776644,3,0,0
1589964131167248385,10,1,0
1589963576487608327,0,0,0
1589961841375326208,0,0,0
1589960913574014977,0,0,0
1589951542399889408,10,0,0
